test,predict,testlabel,predictlabel
0.616636364,0.6726173,0,1
0.6460833330000001,0.66822505,1,1
0.682384615,0.668052,1,1
0.704833333,0.6640394,2,1
0.726153846,0.69654095,2,1
