test,predict,testlabel,predictlabel
0.61725,0.63671863,0,0
0.6162,0.6475263,0,1
0.6432,0.66435915,1,1
0.7217692310000001,0.65186036,2,1
0.767538462,0.6454074,2,1
