test,predict,testlabel,predictlabel
0.61725,0.62852126,0,0
0.6162,0.6597496,0,1
0.6432,0.6579953,1,1
0.7217692310000001,0.693484,2,1
0.767538462,0.69854754,2,1
