test,predict,testlabel,predictlabel
0.616636364,0.62507844,0,0
0.6460833330000001,0.65575874,1,1
0.682384615,0.64482474,1,1
0.704833333,0.63571006,2,0
0.726153846,0.7067629,2,2
