test,predict,testlabel,predictlabel
0.60675,0.6251519,0,0
0.62475,0.6226689,0,0
0.6628571429999999,0.6721904,1,1
0.692272727,0.69228554,1,1
0.735230769,0.61461467,2,0
