test,predict,testlabel,predictlabel
0.60675,0.61134756,0,0
0.62475,0.6702694,0,1
0.6628571429999999,0.6888447,1,1
0.692272727,0.7089887,1,2
0.735230769,0.64205945,2,1
