test,predict,testlabel,predictlabel
0.626,0.6203686,0,0
0.621727273,0.6068221,0,0
0.6596666669999999,0.6193596,1,0
0.699933333,0.6139392,1,0
0.719,0.71867585,2,2
