test,predict,testlabel,predictlabel
0.613909091,0.7077168,0,2
0.637583333,0.71616495,0,2
0.6439999999999999,0.69259435,1,1
0.681,0.744365,1,2
0.714,0.748884,2,2
