test,predict,testlabel,predictlabel
0.617916667,0.62315774,0,0
0.638166667,0.63900036,0,0
0.6507333329999999,0.683623,1,1
0.719571429,0.6892945,2,1
0.708692308,0.703554,2,2
