test,predict,testlabel,predictlabel
0.617916667,0.6020058,0,0
0.638166667,0.6359964,0,0
0.6507333329999999,0.6508241,1,1
0.719571429,0.63730705,2,0
0.708692308,0.7014496,2,2
