test,predict,testlabel,predictlabel
0.618583333,0.6262263,0,0
0.62,0.66674554,0,1
0.656230769,0.63934773,1,0
0.712076923,0.68517303,2,1
0.757571429,0.68044215,2,1
