test,predict,testlabel,predictlabel
0.626,0.6041436,0,0
0.621727273,0.6158573,0,0
0.6596666669999999,0.60888684,1,0
0.699933333,0.6238693,1,0
0.719,0.7560222,2,2
