test,predict,testlabel,predictlabel
0.60675,0.60125697,0,0
0.62475,0.62791723,0,0
0.6628571429999999,0.6424704,1,1
0.692272727,0.7093305,1,2
0.735230769,0.6263516,2,0
