test,predict,testlabel,predictlabel
0.613909091,0.6948413,0,1
0.637583333,0.71572727,0,2
0.6439999999999999,0.6971612,1,1
0.681,0.7436512,1,2
0.714,0.7430105,2,2
