test,predict,testlabel,predictlabel
0.613909091,0.7283582,0,2
0.637583333,0.71396774,0,2
0.6439999999999999,0.70537394,1,2
0.681,0.7227569,1,2
0.714,0.7207293,2,2
