test,predict,testlabel,predictlabel
0.60675,0.62640053,0,0
0.62475,0.63948774,0,0
0.6628571429999999,0.67800385,1,1
0.692272727,0.7305425,1,2
0.735230769,0.6425691,2,1
