test,predict,testlabel,predictlabel
0.618583333,0.6303803,0,0
0.62,0.67281306,0,1
0.656230769,0.64659894,1,1
0.712076923,0.6884566,2,1
0.757571429,0.7065399,2,2
