test,predict,testlabel,predictlabel
0.617916667,0.622477,0,0
0.638166667,0.6275535,0,0
0.6507333329999999,0.69668937,1,1
0.719571429,0.674385,2,1
0.708692308,0.7101553,2,2
