test,predict,testlabel,predictlabel
0.617916667,0.6254821,0,0
0.638166667,0.61278665,0,0
0.6507333329999999,0.6986086,1,1
0.719571429,0.68163794,2,1
0.708692308,0.70802057,2,2
