test,predict,testlabel,predictlabel
0.618583333,0.6139097,0,0
0.62,0.6405652,0,1
0.656230769,0.6195941,1,0
0.712076923,0.68779576,2,1
0.757571429,0.6625253,2,1
