test,predict,testlabel,predictlabel
0.618583333,0.6316446,0,0
0.62,0.6771547,0,1
0.656230769,0.6400015,1,1
0.712076923,0.69294804,2,1
0.757571429,0.6743167,2,1
