test,predict,testlabel,predictlabel
0.616636364,0.7279474,0,2
0.6460833330000001,0.6379264,1,0
0.682384615,0.64947873,1,1
0.704833333,0.63634884,2,0
0.726153846,0.7188085,2,2
