test,predict,testlabel,predictlabel
0.61725,0.62157327,0,0
0.6162,0.6438616,0,1
0.6432,0.673803,1,1
0.7217692310000001,0.6653956,2,1
0.767538462,0.6798239,2,1
