test,predict,testlabel,predictlabel
0.61725,0.6417243,0,1
0.6162,0.6370402,0,0
0.6432,0.6615987,1,1
0.7217692310000001,0.6431595,2,1
0.767538462,0.69063026,2,1
