test,predict,testlabel,predictlabel
0.61725,0.6267686,0,0
0.6162,0.6448098,0,1
0.6432,0.67086625,1,1
0.7217692310000001,0.7065985,2,2
0.767538462,0.6602762,2,1
