test,predict,testlabel,predictlabel
0.60675,0.6343009,0,0
0.62475,0.6403804,0,1
0.6628571429999999,0.6731295,1,1
0.692272727,0.71615726,1,2
0.735230769,0.6567102,2,1
