test,predict,testlabel,predictlabel
0.613909091,0.69898784,0,1
0.637583333,0.66598207,0,1
0.6439999999999999,0.68365157,1,1
0.681,0.71623224,1,2
0.714,0.7316367,2,2
