test,predict,testlabel,predictlabel
0.626,0.61072993,0,0
0.621727273,0.60966974,0,0
0.6596666669999999,0.61004376,1,0
0.699933333,0.6209881,1,0
0.719,0.7245506,2,2
