test,predict,testlabel,predictlabel
0.626,0.61749935,0,0
0.621727273,0.61802053,0,0
0.6596666669999999,0.6203784,1,0
0.699933333,0.6204027,1,0
0.719,0.75000465,2,2
