test,predict,testlabel,predictlabel
0.626,0.61301005,0,0
0.621727273,0.6188809,0,0
0.6596666669999999,0.6161752,1,0
0.699933333,0.63709444,1,0
0.719,0.767115,2,2
