test,predict,testlabel,predictlabel
0.617916667,0.61976415,0,0
0.638166667,0.63156605,0,0
0.6507333329999999,0.7240648,1,2
0.719571429,0.6951377,2,1
0.708692308,0.6883956,2,1
