test,predict,testlabel,predictlabel
0.616636364,0.6855464,0,1
0.6460833330000001,0.6782378,1,1
0.682384615,0.6431555,1,1
0.704833333,0.64070255,2,1
0.726153846,0.698951,2,1
