test,predict,testlabel,predictlabel
0.616636364,0.60558575,0,0
0.6460833330000001,0.6468629,1,1
0.682384615,0.6517941,1,1
0.704833333,0.63815224,2,0
0.726153846,0.71190536,2,2
