test,predict,testlabel,predictlabel
0.613909091,0.7059219,0,2
0.637583333,0.6715099,0,1
0.6439999999999999,0.6945692,1,1
0.681,0.7297103,1,2
0.714,0.74014795,2,2
